genome_id,group_id
1280.15865,849
1280.15866,865
1280.15867,845
1280.15868,847
1280.15869,871
1280.15870,843
1280.15871,848
1280.15872,866
1280.15873,841
1280.15874,846
1280.15875,839
1280.15876,842
1280.15877,840
1280.15878,1752
1280.15880,1364
1280.15881,1356
1280.15882,1354
1280.15883,1200
1280.15884,1368
1280.15885,1360
1280.15886,1358
1280.15887,1182
1280.15888,1349
1280.15889,1363
1280.15890,1350
1280.15891,1365
1280.15892,6
1280.15893,1189
1280.15894,929
1280.15895,7
1280.15896,3
1280.15897,4
1280.15898,222
1280.15899,1353
1280.15900,9
1280.15901,1351
1280.15902,220
1280.15903,1
1280.15904,930
1280.15905,2
1280.15906,223
1280.15907,221
1280.15908,932
1280.15909,933
1280.15910,1361
1280.15911,1352
1280.15912,10
1280.15913,1101
1280.15914,906
1280.15915,1359
1280.15916,224
1280.15917,1367
1280.15918,931
1280.15919,127
1280.15920,17
1280.15921,5
1280.15922,1357
1280.15923,1190
1280.15924,225
1280.15925,1355
1280.15926,1366
1280.15927,1115
1280.15928,1362
1280.15929,120
1280.15930,1452
1280.15931,1455
1280.15938,1766
1280.15939,1637
1280.16051,919
1280.16052,1184
1280.16061,110
1280.16384,1102
1280.16385,19
1280.16386,1120
1280.16387,1129
1280.16436,874
1280.16548,922
1280.16549,1552
1280.16550,1116
1280.16551,1601
1280.16552,1858
1280.16553,125
1280.16554,924
1280.16555,942
1280.16556,1618
1280.16557,1112
1280.16558,1103
1280.16566,1612
1280.16567,943
1280.16568,1088
1280.16569,1085
1280.16570,1010
1280.16759,977
1280.16760,1084
1280.16761,1674
1280.16762,1127
1280.16763,1199
1280.16768,212
1280.16771,209
1280.16772,806
1280.16773,800
1280.16774,803
1280.16775,807
1280.16776,804
1280.16805,1772
1280.16836,204
1280.16838,130
1280.16839,132
1280.16840,134
1280.16841,205
1280.16858,801
1280.16859,133
1280.16860,799
1280.16861,805
1280.16862,797
1280.16863,802
1280.16864,798
1280.16865,131
1280.17656,937
1280.17671,1125
1280.19784,1568
1280.19785,793
1280.19786,1689
1280.21073,826
1280.21074,226
1280.21075,1640
1280.25972,1855
1280.25973,809
1280.25974,26
1280.25975,1690
1280.25976,877
1280.25977,1132
1280.25978,1110
1280.25979,1135
1280.25980,1835
1280.25981,1836
1280.25982,1587
1280.25983,879
1280.25984,1145
1280.25985,1799
1280.25986,795
1280.25987,203
1280.25988,1615
1280.25989,1174
1280.25990,831
1280.25991,1097
1280.25992,913
1280.25993,96
1280.25994,1081
1280.25995,869
1280.25996,1840
1280.25997,949
1280.25998,918
1280.25999,1172
1280.26000,1187
1280.26001,790
1280.26002,1636
1280.26003,1133
1280.26004,1070
1280.26005,1136
1280.26006,796
1280.26007,24
1280.26008,208
1280.26009,218
1280.26010,213
1280.26011,1374
1280.26012,123
1280.26013,30
1280.26014,914
1280.26015,115
1280.26016,1716
1280.26017,1183
1280.26018,1134
1280.26019,25
1280.26020,1768
1280.26021,1375
1280.26022,946
1280.26023,1852
1280.26024,1860
1280.26025,1708
1280.26026,22
1280.26027,230
1280.26028,1843
1280.26029,787
1280.26030,1052
1280.26031,121
1280.26032,878
1280.26033,129
1280.26034,219
1280.26035,1833
1280.26036,1841
1280.26037,101
1280.26038,14
1280.26039,1856
1280.26040,1834
1280.26041,112
1280.26042,830
1280.26043,1092
1280.26044,1762
1280.26045,1859
1280.26046,921
1280.26047,20
1280.26048,947
1280.26049,1851
1280.26050,31
1280.26051,1838
1280.26052,1839
1280.26053,23
1280.26054,1861
1280.26055,950
1280.26056,1800
1280.26057,1177
1280.26058,782
1280.26059,113
1280.26060,948
1280.26061,15
1280.26062,907
1280.26063,1143
1280.26064,231
1280.26065,1837
1280.26066,1845
1280.26067,232
1280.26068,794
1280.26069,1829
1280.26070,791
1280.26074,256
1280.26075,270
1280.26076,262
1280.26077,269
1280.26078,276
1280.26079,275
1280.26080,259
1280.26081,277
1280.26082,257
1280.26083,273
1280.26084,266
1280.26085,272
1280.26086,265
1280.26087,263
1280.26088,271
1280.26089,274
1280.26090,264
1280.26091,260
1280.26092,258
1280.26093,268
1280.26094,253
1280.26095,261
1280.26096,234
1280.26097,242
1280.26098,267
1280.26099,244
1280.26100,251
1280.26101,245
1280.26102,237
1280.26103,249
1280.26104,236
1280.26105,233
1280.26106,247
1280.26107,240
1280.26108,246
1280.26109,235
1280.26110,233
1280.26111,248
1280.26112,238
1280.26113,233
1280.26114,250
1280.26115,241
1280.26116,239
1280.26117,252
1280.26118,243
1280.29683,179
1280.29684,652
1280.29685,172
1280.29686,397
1280.29687,484
1280.29688,501
1280.29689,146
1280.29690,1436
1280.29691,111
1280.29692,37
1280.29693,544
1280.29694,627
1280.29695,507
1280.29696,65
1280.29697,1025
1280.29698,532
1280.29699,604
1280.29700,373
1280.29701,1055
1280.29702,91
1280.29703,480
1280.29704,1178
1280.29705,727
1280.29706,1170
1280.29707,578
1280.29708,1166
1280.29709,655
1280.29710,57
1280.29711,475
1280.29712,471
1280.29713,450
1280.29714,717
1280.29715,1437
1280.29716,1175
1280.29717,1098
1280.29718,664
1280.29719,600
1280.29720,488
1280.29721,487
1280.29722,884
1280.29723,673
1280.29724,469
1280.29725,701
1280.29726,433
1280.29727,729
1280.29728,497
1280.29729,1073
1280.29730,71
1280.29731,635
1280.29732,559
1280.29733,774
1280.29734,499
1280.29735,634
1280.29736,818
1280.29737,477
1280.29738,1036
1280.29739,503
1280.29740,686
1280.29741,1142
1280.29742,66
1280.29743,196
1280.29744,546
1280.29745,83
1280.29746,1114
1280.29747,768
1280.29748,1573
1280.29749,485
1280.29750,466
1280.29751,650
1280.29752,566
1280.29753,723
1280.29754,731
1280.29755,1639
1280.29756,515
1280.29757,29
1280.29758,899
1280.29759,513
1280.29760,69
1280.29761,741
1280.29762,412
1280.29763,900
1280.29764,144
1280.29765,427
1280.29766,458
1280.29767,504
1280.29768,481
1280.29769,880
1280.29770,636
1280.29771,1173
1280.29772,707
1280.29773,520
1280.29774,696
1280.29775,109
1280.29776,162
1280.29777,486
1280.29778,897
1280.29779,1764
1280.29780,1024
1280.29781,684
1280.29782,1822
1280.29783,628
1280.29784,821
1280.29785,742
1280.29786,13
1280.29787,1804
1280.29788,1498
1280.29789,972
1280.29790,698
1280.29791,190
1280.29792,1157
1280.29793,201
1280.29794,490
1280.29795,164
1280.29796,591
1280.29797,1022
1280.29798,861
1280.29799,527
1280.29800,580
1280.29801,178
1280.29802,522
1280.29803,584
1280.29804,611
1280.29805,1385
1280.29806,1165
1280.29807,1058
1280.29808,1186
1280.29809,185
1280.29810,1057
1280.29811,1635
1280.29812,1168
1280.29813,1033
1280.29814,76
1280.29815,1051
1280.29816,1147
1280.29817,553
1280.29818,1825
1280.29819,1122
1280.29820,1832
1280.29821,70
1280.29822,428
1280.29823,440
1280.29824,408
1280.29825,1812
1280.29826,1176
1280.29827,1805
1280.29828,1139
1280.29829,543
1280.29830,455
1280.29831,438
1280.29832,691
1280.29833,181
1280.29834,137
1280.29835,493
1280.29836,672
1280.29837,762
1280.29842,1045
1280.29843,154
1280.29844,51
1280.29845,175
1280.29846,11
1280.29847,1034
1280.29848,644
1280.29849,725
1280.29850,1071
1280.29851,1104
1280.29852,479
1280.29853,976
1280.29854,562
1280.29855,151
1280.29856,50
1280.29857,434
1280.29858,699
1280.29859,1714
1280.29860,959
1280.29861,823
1280.29862,473
1280.29863,1378
1280.29864,525
1280.29865,608
1280.29866,764
1280.29867,149
1280.29868,47
1280.29869,1159
1280.29870,752
1280.29871,495
1280.29872,494
1280.29873,524
1280.29874,167
1280.29875,502
1280.29876,1817
1280.29877,550
1280.29878,156
1280.29879,714
1280.29880,1534
1280.29881,1155
1280.29882,141
1280.29883,165
1280.29884,666
1280.29885,78
1280.29886,399
1280.29887,703
1280.29888,45
1280.29889,511
1280.29890,618
1280.29891,446
1280.29892,523
1280.29893,509
1280.29894,444
1280.29895,675
1280.29896,779
1280.29897,974
1280.29898,521
1280.29899,32
1280.29900,1121
1280.29901,728
1280.29902,1041
1280.29903,1151
1280.29904,602
1280.29905,498
1280.29906,445
1280.29907,640
1280.29908,682
1280.29909,960
1280.29910,832
1280.29911,537
1280.29912,410
1280.29913,1773
1280.29914,692
1280.29915,518
1280.29916,1093
1280.29917,1064
1280.29918,622
1280.29919,780
1280.29920,626
1280.29921,280
1280.29922,637
1280.29923,587
1280.29924,955
1280.29925,447
1280.29926,724
1280.29927,561
1280.29928,401
1280.29929,1069
1280.29930,74
1280.29931,1158
1280.29932,73
1280.29933,139
1280.29934,1434
1280.29935,1494
1280.29936,38
1280.29937,1179
1280.29938,171
1280.29939,719
1280.29940,148
1280.29941,197
1280.29942,709
1280.29943,685
1280.29944,1823
1280.29945,186
1280.29946,665
1280.29947,470
1280.29948,188
1280.29949,49
1280.29950,184
1280.29951,668
1280.29952,760
1280.29953,734
1280.29954,44
1280.29955,158
1280.29956,756
1280.29957,1815
1280.29958,1669
1280.29959,1665
1280.29960,563
1280.29961,934
1280.29962,654
1280.29963,1095
1280.29964,669
1280.29965,1043
1280.29966,436
1280.29967,619
1280.29968,1163
1280.29969,1049
1280.29970,106
1280.29971,1027
1280.29972,810
1280.29973,63
1280.29974,143
1280.29975,195
1280.29976,883
1280.29977,1429
1280.29978,1028
1280.29979,1824
1280.29980,1059
1280.29981,1623
1280.29982,492
1280.29983,8
1280.29984,545
1280.29985,1023
1280.29986,191
1280.29987,902
1280.29988,957
1280.29989,414
1280.29990,822
1280.29991,514
1280.29992,1161
1280.29993,104
1280.29994,160
1280.29995,278
1280.29996,147
1280.29997,551
1280.29998,704
1280.29999,150
1280.30000,621
1280.30001,404
1280.30002,671
1280.30003,1416
1280.30004,926
1280.30005,927
1280.30006,54
1280.30007,516
1280.30008,1044
1280.30009,833
1280.30010,1775
1280.30011,973
1280.30012,157
1280.30013,905
1280.30014,437
1280.30015,573
1280.30016,690
1280.30017,75
1280.30018,227
1280.30019,645
1280.30020,904
1280.30021,576
1280.30022,661
1280.30023,1094
1280.30024,48
1280.30025,651
1280.30026,863
1280.30027,757
1280.30028,670
1280.30029,405
1280.30030,89
1280.30031,103
1280.30032,595
1280.30033,888
1280.30034,614
1280.30035,579
1280.30036,552
1280.30037,402
1280.30038,892
1280.30039,586
1280.30040,953
1280.30041,681
1280.30042,508
1280.30043,1382
1280.30044,612
1280.30045,689
1280.30046,161
1280.30047,454
1280.30048,1040
1280.30049,1089
1280.30050,53
1280.30051,596
1280.30052,34
1280.30053,646
1280.30054,439
1280.30055,68
1280.30056,778
1280.30057,496
1280.30058,549
1280.30059,903
1280.30060,173
1280.30061,862
1280.30062,653
1280.30063,452
1280.30064,1026
1280.30065,683
1280.30066,193
1280.30067,770
1280.30068,718
1280.30069,597
1280.30070,457
1280.30071,67
1280.30072,1528
1280.30074,615
1280.30075,1525
1280.30076,820
1280.30077,1063
1280.30078,1345
1280.30079,1610
1280.30081,166
1280.30082,816
1280.30083,575
1280.30084,1029
1280.30085,761
1280.30086,577
1280.30087,710
1280.30088,585
1280.30089,138
1280.30090,505
1280.30091,79
1280.30092,61
1280.30093,560
1280.30094,558
1280.30095,889
1280.30096,376
1280.30097,606
1280.30098,834
1280.30099,378
1280.30100,1149
1280.30101,835
1280.30102,93
1280.30103,859
1280.30104,281
1280.30105,593
1280.30106,641
1280.30107,1123
1280.30108,510
1280.30109,459
1280.30110,715
1280.30111,512
1280.30112,898
1280.30113,643
1280.30114,42
1280.30115,98
1280.30116,400
1280.30117,398
1280.30118,951
1280.30119,474
1280.30120,152
1280.30121,598
1280.30122,667
1280.30123,1171
1280.30124,85
1280.30125,169
1280.30126,441
1280.30127,649
1280.30128,530
1280.30129,1076
1280.30130,1831
1280.30131,829
1280.30132,1763
1280.30133,1030
1280.30134,72
1280.30135,1169
1280.30136,693
1280.30137,1816
1280.30138,380
1280.30139,40
1280.30140,687
1280.30141,95
1280.30142,1818
1280.30143,811
1280.30144,214
1280.30145,174
1280.30146,1032
1280.30147,1078
1280.30148,135
1280.30149,713
1280.30150,442
1280.30151,1810
1280.30152,1796
1280.30153,194
1280.30154,506
1280.30155,677
1280.30156,413
1280.30157,451
1280.30158,1827
1280.30159,140
1280.30160,1811
1280.30161,448
1280.30162,136
1280.30163,1137
1280.30164,542
1280.30165,935
1280.30166,895
1280.30167,176
1280.30168,199
1280.30169,588
1280.30170,1814
1280.30171,722
1280.30172,567
1280.30173,27
1280.30174,435
1280.30175,114
1280.30176,282
1280.30177,94
1280.30178,688
1280.30179,1141
1280.30180,254
1280.30181,99
1280.30182,737
1280.30183,33
1280.30184,1108
1280.30185,1645
1280.30186,631
1280.30187,620
1280.30188,890
1280.30189,680
1280.30190,679
1280.30191,463
1280.30192,738
1280.30193,623
1280.30194,1808
1280.30195,1726
1280.30196,92
1280.30197,482
1280.30198,603
1280.30199,56
1280.30200,88
1280.30201,478
1280.30202,538
1280.30203,609
1280.30204,170
1280.30205,574
1280.30206,571
1280.30207,215
1280.30208,90
1280.30209,1819
1280.30210,416
1280.30211,1774
1280.30212,279
1280.30213,1849
1280.30214,285
1280.30215,536
1280.30216,163
1280.30217,767
1280.30218,616
1280.30219,100
1280.30220,864
1280.30221,55
1280.30222,674
1280.30223,547
1280.30224,632
1280.30225,411
1280.30226,773
1280.30227,582
1280.30228,678
1280.30229,374
1280.30230,431
1280.30231,564
1280.30232,1099
1280.30233,755
1280.30234,750
1280.30235,1068
1280.30236,519
1280.30237,476
1280.30238,500
1280.30239,817
1280.30240,540
1280.30241,975
1280.30242,676
1280.30243,706
1280.30244,187
1280.30245,59
1280.30246,491
1280.30247,656
1280.30248,721
1280.30249,1072
1280.30250,956
1280.30251,1767
1280.30252,743
1280.30253,660
1280.30254,901
1280.30255,1404
1280.30256,624
1280.30257,462
1280.30258,554
1280.30259,1390
1280.30260,705
1280.30261,662
1280.30262,531
1280.30263,581
1280.30264,41
1280.30265,625
1280.30266,97
1280.30267,182
1280.30268,952
1280.30269,430
1280.30270,456
1280.30271,954
1280.30272,46
1280.30273,189
1280.30274,177
1280.30275,377
1280.30276,894
1280.30277,605
1280.30278,583
1280.30279,429
1280.30280,590
1280.30281,84
1280.30282,461
1280.30283,1435
1280.30284,1797
1280.30285,777
1280.30286,910
1280.30287,62
1280.30288,142
1280.30289,708
1280.30290,720
1280.30291,569
1280.30292,82
1280.30293,153
1280.30294,283
1280.30295,533
1280.30296,658
1280.30297,758
1280.30298,1850
1280.30299,928
1280.30300,43
1280.30301,81
1280.30302,409
1280.30303,1813
1280.30304,1853
1280.30305,58
1280.30306,712
1280.30307,180
1280.30308,630
1280.30309,539
1280.30310,415
1280.30311,766
1280.30312,739
1280.30313,1809
1280.30314,663
1280.30315,572
1280.30316,1048
1280.30317,570
1280.30318,633
1280.30319,80
1280.30320,896
1280.30321,528
1280.30322,594
1280.30323,1096
1280.30324,432
1280.30325,375
1280.30326,255
1280.30327,882
1280.30328,472
1280.30329,557
1280.30330,117
1280.30331,483
1280.30332,568
1280.30333,744
1280.30334,647
1280.30335,763
1280.30336,1148
1280.30337,35
1280.30338,119
1280.30339,1769
1280.30340,759
1280.30341,1075
1280.30342,1146
1280.30343,920
1280.30344,200
1280.30345,1150
1280.30346,886
1280.30347,599
1280.30348,417
1280.30349,555
1280.30350,1626
1280.30351,1164
1280.30352,52
1280.30353,36
1280.30354,228
1280.30355,529
1280.30356,1047
1280.30357,168
1280.30358,1820
1280.30359,776
1280.30360,1162
1280.30361,1160
1280.30362,541
1280.30363,60
1280.30364,443
1280.30365,517
1280.30366,192
1280.30367,610
1280.30368,657
1280.30369,1153
1280.30370,556
1280.30371,936
1280.30372,1391
1280.30373,1140
1280.30374,403
1280.30375,908
1280.30376,881
1280.30377,659
1280.30378,629
1280.30379,1383
1280.30380,534
1280.30381,893
1280.30382,736
1280.30383,565
1280.30384,648
1280.30385,155
1280.30386,1384
1280.30387,1776
1280.30388,548
1280.30389,726
1280.30390,406
1280.30391,284
1280.30392,467
1280.30393,716
1280.30394,159
1280.30395,1154
1280.30396,592
1280.30397,39
1280.30398,617
1280.30399,107
1280.30400,465
1280.30401,702
1280.30402,860
1280.30403,1038
1280.30404,732
1280.30405,77
1280.30406,145
1280.30407,1062
1280.30408,198
1280.30409,379
1280.30410,769
1280.30411,216
1280.30412,1821
1280.30413,229
1280.30414,1567
1280.30415,694
1280.30416,607
1280.30417,695
1280.30418,460
1280.30419,1037
1280.30420,1042
1280.30421,638
1280.30422,124
1280.30423,535
1280.30424,1039
1280.30425,885
1280.30426,1035
1280.30427,589
1280.30428,464
1280.30429,745
1280.30430,12
1280.30431,613
1280.30432,1100
1280.30433,1156
1280.30434,86
1280.30435,887
1280.30436,891
1280.30437,64
1280.30438,1167
1280.30439,183
1280.30440,939
1280.30441,468
1280.30442,28
1280.30443,489
1280.30444,1031
1280.30445,700
1280.30446,453
1280.30447,526
1280.30448,1152
1280.30449,1046
1280.30450,1138
1280.30451,601
1280.30452,407
1280.30453,1086
1280.30454,87
1280.30455,1807
1280.30456,639
1280.30457,217
1280.30476,819
1280.30477,449
1280.30479,642
1280.30480,1483
1280.39484,1597
1280.39485,1658
1280.39487,1482
1280.39489,1667
1280.39490,1758
1280.39492,1453
1280.39493,1544
1280.39494,1512
1280.39495,1386
1280.39496,1657
1280.39497,1500
1280.39498,1421
1280.39499,1504
1280.39500,1468
1280.39501,1466
1280.39502,1442
1280.39504,1469
1280.39505,1489
1280.39507,1570
1280.39508,1426
1280.39509,1633
1280.39511,1614
1280.39512,1487
1280.39514,1488
1280.39515,1476
1280.39516,1456
1280.39522,1445
1280.39523,1457
1280.39524,1548
1280.39525,1481
1280.39526,1479
1280.39527,1530
1280.39528,1471
1280.39529,1424
1280.39530,1650
1280.39531,1581
1280.39533,1532
1280.39534,1703
1280.39535,1414
1280.39536,1697
1280.39537,1705
1280.39538,1510
1280.39539,1522
1280.39540,1732
1280.39541,1686
1280.39542,1604
1280.39543,1760
1280.39544,1724
1280.39547,1641
1280.39548,1668
1280.39549,1547
1280.39550,1422
1280.39551,1527
1280.39552,1598
1280.39553,1664
1280.39554,1746
1280.39555,1719
1280.39556,1491
1280.39557,1727
1280.39558,1671
1280.39559,1713
1280.39560,1580
1280.39561,1578
1280.39562,1503
1280.39563,1553
1280.39564,1584
1280.39565,1529
1280.39566,1518
1280.39567,1647
1280.39569,1427
1280.39570,1430
1280.39571,1556
1280.39572,1678
1280.39573,1454
1280.39574,1402
1280.39575,1648
1280.39576,1538
1280.39577,1496
1280.39578,1599
1280.39579,1387
1280.39580,1440
1280.39581,1467
1280.39582,1473
1280.39583,1643
1280.39584,1458
1280.39585,1486
1280.39587,1443
1280.39588,1438
1280.39589,1638
1280.39590,1523
1280.39591,1531
1280.39592,1557
1280.39593,1514
1280.39594,1428
1280.39595,1537
1280.39596,1577
1280.39598,1571
1280.39599,1449
1280.39600,1631
1280.39601,1418
1280.39602,1509
1280.39603,1694
1280.39604,1420
1280.39605,1590
1280.39606,1594
1280.39608,1419
1280.39609,1477
1280.39610,1450
1280.39611,1583
1280.39613,1376
1280.39614,1576
1280.39615,1649
1280.39616,1403
1280.39617,1613
1280.39618,1377
1280.39619,1519
1280.39620,1621
1280.39621,1515
1280.39622,1596
1280.39624,1451
1280.39625,1417
1280.39626,1603
1280.39627,1562
1280.39628,1536
1280.39629,1651
1280.39630,1563
1280.39631,1605
1280.39632,1545
1280.39633,1589
1280.39634,1524
1280.39635,1659
1280.39636,1698
1280.39637,1380
1280.39638,1579
1280.39639,1588
1280.39640,1540
1280.39641,1634
1280.39642,1539
1280.39643,1600
1280.39644,1472
1280.39645,1478
1280.39646,1459
1280.39647,1520
1280.39648,1675
1280.39649,1672
1280.39650,1551
1280.39651,1555
1280.39653,1444
1280.39654,1688
1280.39655,1392
1280.39656,1446
1280.39657,1495
1280.39658,1505
1280.39659,1448
1280.39660,1396
1280.39661,1592
1280.39662,1620
1280.39663,1492
1280.39664,1607
1280.39665,1751
1280.39666,1550
1280.39667,1484
1280.39668,1566
1280.39669,1508
1280.39670,1465
1280.39679,1611
1280.39680,1575
1280.39682,1608
1280.39683,1609
1280.39684,1734
1280.39685,1559
1280.39687,1730
1280.39688,1193
1280.39689,1485
1280.39690,1461
1280.39692,1506
1280.39693,1393
1280.39694,1574
1280.39695,1441
1280.39696,1397
1280.39697,1425
1280.39698,1602
1280.39700,1731
1280.39701,1616
1280.39702,1693
1280.39703,1684
1280.39704,1625
1280.39705,1470
1280.39706,1521
1280.39707,1632
1280.39708,1569
1280.39709,1720
1280.39710,1558
1280.39711,1561
1280.39713,1533
1280.39714,1663
1280.39715,1670
1280.39716,1490
1280.39717,1654
1280.39718,1593
1280.39719,1682
1280.39720,1582
1280.39721,1666
1280.39722,1499
1280.39723,1680
1280.39724,1653
1280.39725,1652
1280.39726,1564
1280.39727,1729
1280.39728,1704
1280.39729,1644
1280.39730,1642
1280.39731,1541
1280.39732,1542
1280.39733,1628
1280.39734,1737
1280.39735,1701
1280.39736,1757
1280.39737,1585
1280.39738,1699
1280.39739,1723
1280.39740,1711
1280.39741,1749
1280.39742,1507
1280.39744,1516
1280.39746,1646
1280.39747,1501
1280.39748,1535
1280.39749,1679
1280.39750,1463
1280.39751,1439
1280.39752,1721
1280.39753,1546
1280.39754,1462
1280.39755,1683
1280.39756,1432
1280.39758,1460
1280.39759,1381
1280.39760,1662
1280.39761,1415
1280.39762,1526
1280.39763,1513
1280.39764,1431
1280.39765,1606
1280.39766,1474
1280.39767,1735
1280.39768,1617
1280.39769,1543
1280.39770,1677
1280.39771,1511
1280.39772,1630
1280.39773,1687
1280.39774,1681
1280.39775,1696
1280.39776,1759
1280.39777,1747
1280.39778,1744
1280.39779,1748
1280.39780,1656
1280.39781,1715
1280.39782,1685
1280.39783,1738
1280.39784,1728
1280.39785,1691
1280.39786,1655
1280.39787,1742
1280.39788,1725
1280.39789,1761
1280.39790,1692
1280.39791,1733
1280.39792,1707
1280.39793,1755
1280.39794,1771
1280.39796,1750
1280.39797,1709
1280.39800,1717
1280.39801,1745
1280.39802,1736
1280.39803,1673
1280.39804,1743
1280.39805,1722
1280.39807,1661
1280.39808,1676
1280.39809,1739
1280.39810,1702
1280.39811,1423
1280.39812,1756
1280.39813,1710
1280.39814,1700
1280.39815,1619
1280.39816,1502
1280.39817,1706
1280.39818,1194
1280.39819,1480
1280.39820,1754
1280.39821,1497
1280.39822,1712
1280.39823,1493
1280.39824,1753
1280.39825,1554
1280.39826,1447
1280.39827,1475
1280.39829,1433
1280.51739,418
1280.51740,1794
1280.51741,1549
1280.51742,1398
1280.51743,116
1280.51744,1394
1280.51745,1622
1280.51746,1830
1280.51747,102
1280.51748,1395
1280.51749,1572
1280.51750,1018
1280.51751,1087
1280.51752,1798
1280.51753,867
1280.51754,105
1280.51761,1379
1280.51763,1801
1280.51764,1399
1280.51766,1401
1280.51767,1826
1280.51768,1718
1280.51769,911
1280.51770,108
1280.51771,1848
1280.51772,850
1280.51773,917
1280.51774,1066
1280.51775,916
1280.51776,1624
1280.51777,872
1280.51778,1629
1280.51779,1595
1280.51780,1197
1280.51784,775
1280.51785,385
1280.51786,1560
1280.51787,730
1280.51788,381
1280.51789,747
1280.51790,1400
1280.51791,989
1280.51792,985
1280.51793,1828
1280.51794,383
1280.51795,1130
1280.51796,395
1280.51797,1586
1280.51798,1009
1280.51799,988
1280.51800,998
1280.51801,735
1280.51803,979
1280.51804,997
1280.51805,1005
1280.51806,1054
1280.51807,978
1280.51808,753
1280.51809,396
1280.51810,286
1280.51812,393
1280.51813,746
1280.51814,751
1280.51815,995
1280.51816,1007
1280.51817,1388
1280.51818,425
1280.51819,1389
1280.51820,1006
1280.51821,771
1280.51823,986
1280.51824,984
1280.51825,1061
1280.51826,754
1280.51828,981
1280.51829,748
1280.51830,388
1280.51831,749
1280.51832,420
1280.51833,980
1280.51834,386
1280.51835,419
1280.51836,1001
1280.51837,982
1280.51838,287
1280.51839,394
1280.51840,391
1280.51841,711
1280.51842,387
1280.51843,1000
1280.51844,765
1280.51845,390
1280.51846,426
1280.51847,423
1280.51848,384
1280.51849,991
1280.51850,993
1280.51852,987
1280.51853,992
1280.51855,1004
1280.51856,1011
1280.51857,994
1280.51858,996
1280.51859,999
1280.51860,1002
1280.51861,697
1280.51862,1008
1280.51863,421
1280.51864,1074
1280.51865,382
1280.51866,1016
1280.51867,990
1280.51868,389
1280.51869,422
1280.51870,392
1280.51871,784
1280.51872,1195
1280.51874,1012
1280.51875,983
1280.51876,958
1280.51879,424
1280.51880,1119
1280.51881,964
1280.51882,961
1280.51883,1014
1280.51884,1067
1280.51885,1627
1280.51886,944
1280.51887,962
1280.51888,1131
1280.51889,1003
1280.51890,1021
1280.51891,1065
1280.51893,1105
1280.51895,1117
1280.51896,945
1280.51897,963
1280.51898,1126
1280.51899,967
1280.51900,1080
1280.51901,1111
1280.51902,966
1280.51903,1015
1280.51904,1346
1280.51905,1343
1280.51906,1348
1280.51907,1741
1280.51908,1191
1280.51909,1196
1280.51910,1344
1280.51911,1083
1280.51912,1192
1280.51913,965
1280.51914,1695
1280.51915,1740
1280.51916,1050
1280.51917,1464
1280.51918,1806
1280.51919,128
1280.51920,16
1280.51921,868
1280.51922,912
1280.51923,1803
1280.51924,1795
1280.51925,1198
1280.51926,1090
1280.51927,18
1280.51928,789
1280.51929,785
1280.51930,733
1280.51931,783
1280.51932,786
1280.51933,1118
1280.51934,1091
1280.51935,1017
1280.51936,1020
1280.51937,781
1280.51938,1854
1280.51939,1019
1280.51940,1013
1280.51941,772
1280.52134,1791
1280.52135,812
1280.52136,1181
1280.52137,1777
1280.52138,1778
1280.52139,815
1280.52140,1785
1280.52141,870
1280.52142,836
1280.52143,838
1280.52144,1517
1280.52145,855
1280.52146,1128
1280.52147,1408
1280.52148,852
1280.52149,1779
1280.52150,837
1280.52151,873
1280.52152,1412
1280.52153,1857
1280.52154,1406
1280.52155,1782
1280.52156,1188
1280.52157,1185
1280.52158,970
1280.52159,1792
1280.52160,853
1280.52161,854
1280.52162,1787
1280.52163,210
1280.52164,923
1280.52165,971
1280.52166,1786
1280.52167,813
1280.52168,118
1280.52169,814
1280.52170,1060
1280.52171,909
1280.52172,824
1280.52173,857
1280.52174,1409
1280.52175,875
1280.52176,1793
1280.52177,1201
1280.52178,968
1280.52179,1109
1280.52180,1082
1280.52181,1079
1280.52182,1180
1280.52183,808
1280.52184,211
1280.52185,1784
1280.52186,1053
1280.52187,1802
1280.52188,925
1280.52189,858
1280.52190,202
1280.52191,1781
1280.52192,1407
1280.52193,792
1280.52194,827
1280.52195,825
1280.52196,969
1280.52197,851
1280.52198,938
1280.52199,844
1280.52200,1844
1280.52201,828
1280.52202,1847
1280.52203,1405
1280.52204,1113
1280.52205,1077
1280.52206,122
1280.52207,1056
1280.52208,856
1280.52209,1780
1280.52210,1411
1280.52211,1413
1280.52212,941
1280.52213,1106
1280.52214,1144
1280.52215,1846
1280.52216,1783
1280.52217,1565
1280.52218,1107
1280.52219,1660
1280.52220,1591
1280.52221,1765
1280.52222,21
1280.52223,1789
1280.52224,1410
1280.52225,1790
1280.52226,915
1280.52227,126
1280.52228,940
1280.52229,1842
1280.52230,876
1280.52231,1770
1280.52232,1124
1280.52233,1788
1280.59910,206
1280.59912,207
1280.7334,1269
1280.7337,1237
1280.7343,1241
1280.7349,1238
1280.7352,1248
1280.7354,1253
1280.7355,1251
1280.7356,1322
1280.7357,1242
1280.7359,1268
1280.7360,1332
1280.7361,1247
1280.7362,1320
1280.7363,1235
1280.7372,1372
1280.7373,1373
1280.7374,1371
1280.7375,1369
1280.7376,1370
1280.8840,1301
1280.8844,1263
1280.8845,1267
1280.8848,1331
1280.8849,1236
1280.9188,327
1280.9189,1232
1280.9190,319
1280.9191,371
1280.9192,1243
1280.9193,348
1280.9194,740
1280.9195,344
1280.9196,353
1280.9197,1304
1280.9198,299
1280.9199,1246
1280.9200,1292
1280.9201,360
1280.9202,1215
1280.9203,325
1280.9204,1330
1280.9205,330
1280.9206,1317
1280.9207,1319
1280.9208,310
1280.9209,1273
1280.9210,358
1280.9211,1210
1280.9212,1228
1280.9213,1347
1280.9214,337
1280.9215,335
1280.9216,1260
1280.9217,342
1280.9218,1217
1280.9219,322
1280.9220,317
1280.9221,1218
1280.9222,1299
1280.9223,1211
1280.9224,1338
1280.9225,1219
1280.9226,354
1280.9227,338
1280.9228,367
1280.9229,300
1280.9230,318
1280.9231,312
1280.9232,1323
1280.9233,1334
1280.9234,331
1280.9235,297
1280.9236,324
1280.9237,1306
1280.9238,1341
1280.9239,1310
1280.9240,1279
1280.9241,1280
1280.9242,1297
1280.9243,1326
1280.9244,1257
1280.9245,290
1280.9246,1287
1280.9247,1208
1280.9248,1233
1280.9249,311
1280.9250,332
1280.9251,1336
1280.9252,336
1280.9253,349
1280.9254,359
1280.9255,1222
1280.9256,1305
1280.9257,1220
1280.9258,1244
1280.9259,1221
1280.9260,1309
1280.9261,1256
1280.9262,1303
1280.9263,326
1280.9264,372
1280.9265,301
1280.9266,1271
1280.9267,302
1280.9268,315
1280.9269,1230
1280.9270,1315
1280.9271,1258
1280.9272,1245
1280.9273,320
1280.9274,364
1280.9275,1254
1280.9276,308
1280.9277,309
1280.9278,1259
1280.9279,1216
1280.9280,1206
1280.9281,1207
1280.9282,1333
1280.9283,313
1280.9284,321
1280.9285,1239
1280.9286,323
1280.9287,788
1280.9288,291
1280.9289,292
1280.9290,1212
1280.9291,1327
1280.9292,340
1280.9293,1214
1280.9294,366
1280.9295,1213
1280.9296,306
1280.9297,343
1280.9298,356
1280.9299,341
1280.9300,352
1280.9301,370
1280.9302,357
1280.9303,1264
1280.9304,346
1280.9305,288
1280.9306,296
1280.9307,289
1280.9308,1318
1280.9309,333
1280.9310,294
1280.9311,334
1280.9312,298
1280.9313,1252
1280.9314,316
1280.9315,328
1280.9316,303
1280.9317,1240
1280.9318,1255
1280.9319,293
1280.9320,307
1280.9321,350
1280.9322,1249
1280.9323,1250
1280.9324,295
1280.9325,369
1280.9326,1294
1280.9327,1231
1280.9328,1229
1280.9329,1316
1280.9330,1308
1280.9331,314
1280.9332,304
1280.9333,329
1280.9334,305
1280.9335,1225
1280.9336,1266
1280.9337,1293
1280.9338,347
1280.9339,345
1280.9340,1272
1280.9341,1265
1280.9342,361
1280.9343,1286
1280.9344,1298
1280.9345,355
1280.9346,1261
1280.9347,351
1280.9348,1329
1280.9349,362
1280.9350,368
1280.9351,1328
1280.9352,1227
1280.9353,1209
1280.9354,1313
1280.9355,365
1280.9356,1270
1280.9358,1223
1280.9359,1226
1280.9360,1262
1280.9361,1339
1280.9362,1274
1280.9363,1325
1280.9364,1234
1280.9365,363
1280.9366,339
1280.9367,1283
1280.9368,1324
1280.9369,1289
1280.9370,1300
1280.9371,1290
1280.9372,1277
1280.9373,1291
1280.9374,1307
1280.9375,1224
1280.9376,1314
1280.9377,1285
1280.9378,1311
1280.9379,1340
1280.9380,1295
1280.9381,1281
1280.9382,1288
1280.9383,1202
1280.9384,1337
1280.9385,1302
1280.9386,1321
1280.9387,1284
1280.9388,1335
1280.9398,1203
1280.9399,1205
1280.9400,1204
1280.9401,1278
1280.9402,1282
1280.9403,1296
1280.9404,1312
1280.9405,1342
1280.9406,1275
1280.9407,1276
